Workbook
Name tb_icms: tb_icms_all[Alíquota]
Name tb_ipi: tb_ipi_all[Alíquota]

Sheet TaxTool 1
C2: TAX TOOL
F8: Preço Líquido | G8: 113.86882 | H8: Entrar com valores (preço líquido sem impostos)
F9: ICMS | G9: 0.12 | H9: Escolher Alíquota
F10: IPI % | G10: 0.052 | H10: Escolher Alíquota
C13: INDUSTRIALIZAÇÃO | H13: CONSUMO PRÓPRIO
C14: Preço Total (NF) (Todos Impostos) | E14: =SUM(E15:E16) -> 150 | H14: Preço Total (NF) (Todos Impostos) | J14: =SUM(J15:J16) -> 151.07123
C15: IPI | D15: =$G$10 -> 0.052 | E15: =E16*(_xlfn.XLOOKUP(D15,Dados!B:B,Dados!C:C)) -> 7.4144487 | H15: IPI | I15: =D15 -> 0.052 | J15: =J16*I15 -> 7.4673993
C16: Preço Com PIS/COFINS/ICMS | E16: =E18/_xlfn.XLOOKUP(D17,Dados!B:B,Dados!C:C) -> 142.58555 | H16: Preço Com PIS/COFINS/ICMS | J16: =$J$18/(_xlfn.XLOOKUP(I17,Dados!B:B,Dados!C:C)-((_xlfn.XLOOKUP(I17,Dados!B:B,Dados!E:E)*_xlfn.XLOOKUP(I15,Dados!B:B,Dados!C:C)))) -> 143.60383
C17: ICMS | D17: =$G$9 -> 0.12 | E17: =E16*D17 -> 17.110266 | H17: ICMS | I17: =D17 -> 0.12 | J17: =J14*I17 -> 18.128548
C18: Preço Com PIS/COFINS | E18: =SUM(E19:E20) -> 125.47529 | H18: Preço Com PIS/COFINS | J18: =SUM(J19:J20) -> 125.47529
C19: PIS/COFINS | E19: =(E20/Dados!$C$5)*Dados!$B$5 -> 11.606464 | H19: PIS/COFINS | J19: =(J20/Dados!$C$5)*Dados!$B$5 -> 11.606464
C20: Preço Líquido sem Impostos | E20: =$G$8 -> 113.86882 | H20: Preço Líquido sem Impostos | J20: =E20 -> 113.86882
H22: Fator | J22: =J14/E14 -> 1.0071415
C26: Conversor - Preço c/ Impostos x Preço Líquido
C28: Preço Com Impostos | E28: 100 | F28: Entrar com valores (preço com pis/cofins e ICMS)
C29: ICMS | E29: 0.12 | F29: Escolher Alíquota
C30: Preço Líquido | E30: =(E28*_xlfn.XLOOKUP(E29,Dados!B9:B13,Dados!C9:C13))*Dados!$C$5 -> 79.86
C33: Observações
C34: Entrar com valores nas celulas G8,G9 e G10
C35: Todos os cálculos são automáticos
C36: Conversor somente para encontrar o preço líquido Celulas E28 e E29
C37: Preço Líquido = Preços sem impostos
C38: Preço Total = Preço com todos os impostos PIS/COFINS/ICMS/IPI
C39: Industrialização = Mercadoria para ser usada no processo de produção
C40: Consumo próprio = Mercadoria para ativo fixo ou imobilizado

Sheet TaxTool 2
C2: TAX TOOL
C7: ENTRADA DE DADOS | G7: INDUSTRIALIZAÇÃO | K7: CONSUMO
C8: Preço | D8: Tipo | E8: ICMS % | F8: IPI % | G8: Preço Líquido | H8: Preço C/ PIS/COFINS | I8: Preço C/ PIS/COFINS/ICMS | J8: Preço C/ PIS/COFINS/ICMS/IPI | K8: Preço C/ PIS/COFINS. | L8: Preço C/ PIS/COFINS/ICMS. | M8: Preço C/ PIS/COFINS/ICMS/IPI.
G9: {=IF(OR(Table9[[#This Row],[Preço]]="",Table9[[#This Row],[Tipo]]="",Table9[[#This Row],[ICMS %]]="",Table9[[#This Row],[IPI %]]=""),"",IF(Table9[[#This Row],[Tipo]]="S/ Impostos",Table9[[#This Row],[Preço]],ROUND(Table9[[#This Row],[Preço]]*_xlfn.XLOOKUP(Table9[[#This Row],[ICMS %]],tb_icms_all[Alíquota],tb_icms_all[Fator])*tb_pis_cofins[Fator],2)))} | H9: {=IF(Table9[[#This Row],[Preço Líquido]]="","",IFERROR(ROUND((Table9[[#This Row],[Preço Líquido]]/tb_pis_cofins[Fator])*tb_pis_cofins[Alíquota],2)+Table9[[#This Row],[Preço Líquido]],""))} | I9: =IF(Table9[[#This Row],[Preço C/ PIS/COFINS]]="","",ROUND(Table9[[#This Row],[Preço C/ PIS/COFINS]]/_xlfn.XLOOKUP(Table9[[#This Row],[ICMS %]],tb_icms_all[Alíquota],tb_icms_all[Fator]),2)) | J9: =IF(Table9[[#This Row],[Preço C/ PIS/COFINS/ICMS]]="","",ROUND(SUM(Table9[[#This Row],[Preço C/ PIS/COFINS/ICMS]],Table9[[#This Row],[Preço C/ PIS/COFINS/ICMS]]*(_xlfn.XLOOKUP(Table9[[#This Row],[IPI %]],tb_ipi_all[Alíquota],tb_ipi_all[A]))),2)) | K9: =IF(Table9[[#This Row],[Preço C/ PIS/COFINS]]="","",Table9[[#This Row],[Preço C/ PIS/COFINS]]) | L9: =IF(Table9[[#This Row],[Preço C/ PIS/COFINS.]]="","",ROUND(Table9[[#This Row],[Preço C/ PIS/COFINS.]]/((_xlfn.XLOOKUP(Table9[[#This Row],[ICMS %]],tb_icms_all[Alíquota],tb_icms_all[Fator])-((_xlfn.XLOOKUP(Table9[[#This Row],[ICMS %]],tb_icms_all[Alíquota],tb_icms_all[B])*(_xlfn.XLOOKUP(Table9[[#This Row],[IPI %]],tb_ipi_all[Alíquota],tb_ipi_all[A])))))),2)) | M9: =IF(Table9[[#This Row],[Preço C/ PIS/COFINS/ICMS.]]="","",ROUND(SUM(Table9[[#This Row],[Preço C/ PIS/COFINS/ICMS.]],Table9[[#This Row],[Preço C/ PIS/COFINS/ICMS.]]*Table9[[#This Row],[IPI %]]),2))

Sheet Dados
D1: Ocultar | E1: Ocultar
A4: tb_pis_cofins | B4: Alíquota | C4: Fator | D4: A
B5: 0.0925 | C5: =1-(D5/100) -> 0.9075 | D5: 9.25
A8: tb_icms | B8: Alíquota | C8: Fator | D8: A | E8: B
B9: 0.04 | C9: =1-(D9/100) -> 0.96 | D9: 4 | E9: 0.04
B10: 0.07 | C10: =1-(D10/100) -> 0.93 | D10: 7 | E10: 0.07
B11: 0.12 | C11: =1-(D11/100) -> 0.88 | D11: 12 | E11: 0.12
B12: 0.18 | C12: =1-(D12/100) -> 0.82 | D12: 18 | E12: 0.18
B13: 0.17 | C13: =1-(D13/100) -> 0.83 | D13: 17 | E13: 0.17
A15: tb_ipi | B15: Alíquota | C15: A | D15: B
B16: 0 | C16: =D16/100 -> 0 | D16: 0
B17: 0.0325 | C17: =D17/100 -> 0.0325 | D17: 3.25
B18: 0.052 | C18: =D18/100 -> 0.052 | D18: 5.2
B19: 0.065 | C19: =D19/100 -> 0.065 | D19: 6.5
B20: 0.0975 | C20: =D20/100 -> 0.0975 | D20: 9.75
B23: Tipo Preço
A25: Preço | B25: C/ Impostos
B26: S/ Impostos
